feature,importance
nr.employed,0.3443893
emp.var.rate,0.076392315
cons.conf.idx,0.036899142
was_contacted_before,0.036094673
month_oct,0.028698936
contacted_and_success,0.021798471
prev_contact_success,0.017936053
pdays,0.01713337
euribor3m,0.01682655
age_group_35-44,0.016066743
default_no,0.014378222
contact_cellular,0.012818656
poutcome_failure,0.012588913
cons.price.idx,0.012385208
marital_unknown,0.011183066
default_unknown,0.010748298
campaign_intensity_6+,0.010216395
contact_telephone,0.009451945
job_retired,0.00927354
month_nov,0.008896983
month_may,0.00875329
job_services,0.0077971476
education_basic.4y,0.0076724174
education_basic.9y,0.0075582094
campaign,0.007264474
day_of_week_wed,0.007241669
loan_yes,0.007165043
campaign_intensity_3,0.007066884
day_of_week_fri,0.0070426767
job_blue-collar,0.007020914
education_unknown,0.0067886217
job_housemaid,0.0066636438
day_of_week_thu,0.006579785
month_aug,0.0064841188
job_entrepreneur,0.006209451
education_university.degree,0.0061532445
job_unemployed,0.0061226403
education_basic.6y,0.0060959007
marital_single,0.00602267
day_of_week_tue,0.0059339027
age,0.0058484664
month_jul,0.0057833507
age_group_25-34,0.005776074
education_high.school,0.005738816
housing_no,0.005529153
housing_unknown,0.005468692
job_management,0.005451062
job_student,0.0053032567
education_professional.course,0.005268084
age_group_55-64,0.0051517608
previous,0.0051469747
month_mar,0.0050762645
loan_unknown,0.0050161285
campaign_intensity_1,0.004937476
job_admin.,0.004933057
job_self-employed,0.0048171775
housing_yes,0.0047734687
age_group_45-54,0.0044679022
loan_no,0.004456112
day_of_week_mon,0.004092399
campaign_intensity_4-5,0.004066984
job_technician,0.0039088367
campaign_intensity_2,0.0038876268
job_unknown,0.0038106325
education_illiterate,0.0037730346
marital_married,0.003602072
marital_divorced,0.003600934
month_apr,0.0032455607
month_sep,0.0028609552
month_jun,0.0023942848
default_yes,0.0
month_dec,0.0
poutcome_nonexistent,0.0
age_group_18-24,0.0
poutcome_success,0.0
age_group_nan,0.0
age_group_65+,0.0
